Id,Class
14397,6
14398,6
14399,10
14400,10
14401,5
14402,10
14403,10
14404,10
14405,5
14406,10
14407,8
14408,2
14409,5
14410,6
14411,10
14412,3
14413,1
14414,10
14415,8
14416,10
14417,10
14418,9
14419,10
14420,10
14421,10
14422,9
14423,8
14424,10
14425,8
14426,10
14427,9
14428,0
14429,8
14430,9
14431,8
14432,10
14433,8
14434,10
14435,0
14436,10
14437,9
14438,10
14439,1
14440,9
14441,4
14442,10
14443,6
14444,2
14445,10
14446,10
14447,10
14448,5
14449,8
14450,10
14451,8
14452,10
14453,10
14454,6
14455,10
14456,10
14457,8
14458,1
14459,9
14460,6
14461,1
14462,10
14463,10
14464,10
14465,3
14466,10
14467,10
14468,6
14469,10
14470,10
14471,7
14472,10
14473,10
14474,5
14475,10
14476,10
14477,10
14478,6
14479,6
14480,7
14481,10
14482,3
14483,0
14484,8
14485,6
14486,10
14487,9
14488,5
14489,3
14490,0
14491,10
14492,0
14493,8
14494,10
14495,9
14496,8
14497,10
14498,10
14499,10
14500,6
14501,6
14502,5
14503,10
14504,10
14505,10
14506,10
14507,6
14508,10
14509,10
14510,10
14511,10
14512,6
14513,10
14514,10
14515,10
14516,5
14517,10
14518,10
14519,5
14520,10
14521,10
14522,5
14523,10
14524,5
14525,10
14526,2
14527,10
14528,10
14529,7
14530,10
14531,2
14532,10
14533,10
14534,7
14535,10
14536,10
14537,10
14538,8
14539,10
14540,10
14541,1
14542,9
14543,0
14544,10
14545,8
14546,0
14547,1
14548,5
14549,9
14550,6
14551,7
14552,10
14553,10
14554,10
14555,10
14556,6
14557,10
14558,10
14559,10
14560,5
14561,10
14562,10
14563,10
14564,5
14565,9
14566,10
14567,9
14568,10
14569,8
14570,10
14571,10
14572,10
14573,10
14574,8
14575,5
14576,10
14577,10
14578,4
14579,6
14580,10
14581,6
14582,2
14583,8
14584,10
14585,10
14586,0
14587,2
14588,6
14589,10
14590,10
14591,10
14592,8
14593,10
14594,6
14595,9
14596,9
14597,9
14598,10
14599,10
14600,1
14601,10
14602,8
14603,10
14604,8
14605,10
14606,10
14607,0
14608,10
14609,10
14610,10
14611,10
14612,10
14613,10
14614,10
14615,2
14616,9
14617,0
14618,8
14619,9
14620,5
14621,10
14622,10
14623,1
14624,10
14625,8
14626,10
14627,5
14628,8
14629,5
14630,3
14631,10
14632,7
14633,9
14634,10
14635,10
14636,6
14637,10
14638,10
14639,6
14640,10
14641,1
14642,10
14643,0
14644,7
14645,10
14646,6
14647,10
14648,10
14649,10
14650,10
14651,10
14652,6
14653,10
14654,6
14655,10
14656,10
14657,0
14658,10
14659,10
14660,10
14661,10
14662,6
14663,10
14664,1
14665,7
14666,10
14667,9
14668,2
14669,5
14670,9
14671,6
14672,6
14673,6
14674,10
14675,10
14676,10
14677,9
14678,8
14679,8
14680,9
14681,2
14682,10
14683,10
14684,9
14685,9
14686,7
14687,2
14688,9
14689,5
14690,3
14691,10
14692,10
14693,6
14694,3
14695,0
14696,10
14697,10
14698,2
14699,10
14700,9
14701,10
14702,10
14703,7
14704,10
14705,6
14706,5
14707,9
14708,6
14709,10
14710,9
14711,2
14712,8
14713,9
14714,8
14715,10
14716,10
14717,10
14718,10
14719,10
14720,6
14721,5
14722,2
14723,2
14724,10
14725,10
14726,10
14727,10
14728,8
14729,0
14730,5
14731,8
14732,10
14733,10
14734,10
14735,6
14736,10
14737,3
14738,10
14739,10
14740,10
14741,3
14742,7
14743,1
14744,5
14745,10
14746,10
14747,10
14748,8
14749,8
14750,10
14751,10
14752,8
14753,10
14754,8
14755,5
14756,8
14757,9
14758,10
14759,10
14760,6
14761,10
14762,4
14763,10
14764,9
14765,2
14766,10
14767,10
14768,10
14769,6
14770,10
14771,2
14772,9
14773,5
14774,2
14775,2
14776,9
14777,6
14778,10
14779,0
14780,6
14781,0
14782,9
14783,10
14784,8
14785,1
14786,10
14787,8
14788,10
14789,10
14790,6
14791,10
14792,0
14793,6
14794,1
14795,8
14796,10
14797,10
14798,10
14799,10
14800,10
14801,10
14802,10
14803,7
14804,10
14805,0
14806,10
14807,10
14808,6
14809,10
14810,10
14811,9
14812,6
14813,0
14814,5
14815,10
14816,8
14817,5
14818,1
14819,0
14820,10
14821,10
14822,8
14823,10
14824,8
14825,10
14826,8
14827,10
14828,8
14829,10
14830,8
14831,1
14832,10
14833,10
14834,10
14835,10
14836,8
14837,5
14838,10
14839,10
14840,10
14841,10
14842,8
14843,2
14844,9
14845,10
14846,10
14847,6
14848,10
14849,10
14850,10
14851,6
14852,6
14853,9
14854,10
14855,10
14856,9
14857,10
14858,10
14859,4
14860,10
14861,10
14862,8
14863,6
14864,8
14865,10
14866,10
14867,0
14868,10
14869,10
14870,10
14871,9
14872,10
14873,9
14874,10
14875,5
14876,10
14877,8
14878,10
14879,8
14880,2
14881,10
14882,5
14883,10
14884,10
14885,10
14886,0
14887,6
14888,10
14889,10
14890,6
14891,8
14892,9
14893,8
14894,10
14895,10
14896,10
14897,6
14898,10
14899,4
14900,10
14901,0
14902,10
14903,10
14904,10
14905,9
14906,10
14907,6
14908,9
14909,10
14910,2
14911,5
14912,5
14913,10
14914,7
14915,5
14916,6
14917,10
14918,10
14919,8
14920,10
14921,10
14922,7
14923,8
14924,10
14925,3
14926,6
14927,6
14928,5
14929,6
14930,6
14931,10
14932,10
14933,8
14934,0
14935,10
14936,10
14937,10
14938,6
14939,1
14940,8
14941,10
14942,10
14943,5
14944,9
14945,10
14946,6
14947,10
14948,10
14949,10
14950,10
14951,0
14952,2
14953,4
14954,8
14955,10
14956,8
14957,7
14958,6
14959,10
14960,6
14961,4
14962,10
14963,3
14964,2
14965,10
14966,6
14967,10
14968,10
14969,10
14970,10
14971,10
14972,8
14973,10
14974,6
14975,9
14976,10
14977,9
14978,2
14979,10
14980,10
14981,10
14982,6
14983,6
14984,9
14985,2
14986,10
14987,1
14988,6
14989,10
14990,10
14991,10
14992,6
14993,10
14994,10
14995,10
14996,10
14997,10
14998,10
14999,6
15000,9
15001,10
15002,10
15003,10
15004,6
15005,5
15006,5
15007,6
15008,2
15009,4
15010,6
15011,10
15012,10
15013,7
15014,8
15015,10
15016,10
15017,8
15018,10
15019,10
15020,10
15021,6
15022,5
15023,10
15024,6
15025,8
15026,10
15027,8
15028,10
15029,2
15030,10
15031,10
15032,10
15033,1
15034,2
15035,0
15036,10
15037,2
15038,10
15039,10
15040,9
15041,9
15042,8
15043,10
15044,8
15045,5
15046,9
15047,5
15048,10
15049,9
15050,10
15051,5
15052,10
15053,10
15054,10
15055,10
15056,1
15057,10
15058,10
15059,6
15060,10
15061,7
15062,8
15063,9
15064,10
15065,0
15066,10
15067,7
15068,10
15069,7
15070,10
15071,10
15072,5
15073,8
15074,0
15075,10
15076,10
15077,10
15078,10
15079,10
15080,10
15081,10
15082,10
15083,10
15084,10
15085,10
15086,10
15087,6
15088,10
15089,2
15090,6
15091,10
15092,10
15093,6
15094,10
15095,8
15096,2
15097,9
15098,9
15099,10
15100,10
15101,10
15102,7
15103,6
15104,2
15105,8
15106,6
15107,1
15108,9
15109,10
15110,7
15111,2
15112,10
15113,8
15114,10
15115,10
15116,5
15117,2
15118,0
15119,10
15120,10
15121,10
15122,8
15123,10
15124,10
15125,5
15126,10
15127,10
15128,10
15129,10
15130,10
15131,10
15132,10
15133,7
15134,10
15135,9
15136,9
15137,6
15138,9
15139,6
15140,0
15141,10
15142,8
15143,5
15144,10
15145,10
15146,8
15147,8
15148,6
15149,10
15150,10
15151,8
15152,10
15153,10
15154,2
15155,10
15156,8
15157,10
15158,10
15159,10
15160,0
15161,0
15162,9
15163,10
15164,3
15165,10
15166,10
15167,10
15168,5
15169,6
15170,10
15171,5
15172,10
15173,2
15174,6
15175,9
15176,6
15177,2
15178,6
15179,10
15180,10
15181,8
15182,10
15183,9
15184,10
15185,10
15186,10
15187,10
15188,6
15189,10
15190,10
15191,10
15192,7
15193,8
15194,6
15195,10
15196,10
15197,10
15198,10
15199,10
15200,10
15201,9
15202,8
15203,10
15204,2
15205,5
15206,10
15207,10
15208,9
15209,6
15210,10
15211,10
15212,9
15213,6
15214,0
15215,10
15216,10
15217,5
15218,7
15219,10
15220,6
15221,9
15222,10
15223,10
15224,6
15225,6
15226,10
15227,10
15228,8
15229,10
15230,10
15231,8
15232,10
15233,10
15234,8
15235,0
15236,5
15237,2
15238,10
15239,10
15240,10
15241,6
15242,1
15243,2
15244,10
15245,6
15246,6
15247,10
15248,6
15249,7
15250,10
15251,10
15252,10
15253,5
15254,10
15255,6
15256,10
15257,2
15258,10
15259,10
15260,10
15261,6
15262,6
15263,6
15264,6
15265,2
15266,10
15267,8
15268,10
15269,10
15270,10
15271,10
15272,10
15273,10
15274,10
15275,10
15276,3
15277,0
15278,2
15279,10
15280,7
15281,10
15282,0
15283,8
15284,7
15285,10
15286,6
15287,9
15288,10
15289,6
15290,10
15291,1
15292,2
15293,10
15294,8
15295,7
15296,2
15297,10
15298,6
15299,7
15300,0
15301,10
15302,10
15303,2
15304,6
15305,10
15306,6
15307,10
15308,10
15309,10
15310,10
15311,2
15312,10
15313,10
15314,7
15315,2
15316,10
15317,10
15318,10
15319,6
15320,9
15321,10
15322,7
15323,0
15324,9
15325,10
15326,5
15327,10
15328,9
15329,9
15330,6
15331,10
15332,10
15333,10
15334,10
15335,10
15336,10
15337,10
15338,10
15339,8
15340,10
15341,10
15342,0
15343,10
15344,0
15345,5
15346,3
15347,6
15348,10
15349,5
15350,9
15351,9
15352,6
15353,9
15354,1
15355,10
15356,10
15357,5
15358,8
15359,5
15360,5
15361,10
15362,10
15363,10
15364,6
15365,5
15366,10
15367,6
15368,10
15369,10
15370,9
15371,10
15372,10
15373,6
15374,8
15375,10
15376,8
15377,0
15378,6
15379,10
15380,2
15381,0
15382,7
15383,10
15384,10
15385,5
15386,10
15387,10
15388,10
15389,10
15390,6
15391,8
15392,10
15393,5
15394,10
15395,6
15396,10
15397,10
15398,10
15399,10
15400,10
15401,9
15402,10
15403,10
15404,10
15405,10
15406,1
15407,10
15408,8
15409,2
15410,10
15411,9
15412,6
15413,10
15414,10
15415,10
15416,10
15417,8
15418,1
15419,10
15420,6
15421,10
15422,9
15423,10
15424,10
15425,10
15426,10
15427,7
15428,6
15429,10
15430,10
15431,10
15432,3
15433,10
15434,2
15435,5
15436,10
15437,6
15438,6
15439,10
15440,10
15441,8
15442,5
15443,10
15444,6
15445,4
15446,1
15447,0
15448,10
15449,10
15450,9
15451,10
15452,5
15453,9
15454,1
15455,9
15456,3
15457,4
15458,10
15459,10
15460,10
15461,6
15462,10
15463,8
15464,8
15465,9
15466,10
15467,9
15468,10
15469,0
15470,0
15471,6
15472,10
15473,10
15474,2
15475,1
15476,10
15477,10
15478,10
15479,10
15480,9
15481,10
15482,8
15483,10
15484,8
15485,0
15486,10
15487,10
15488,2
15489,10
15490,4
15491,10
15492,10
15493,2
15494,6
15495,8
15496,10
15497,6
15498,10
15499,7
15500,10
15501,10
15502,8
15503,7
15504,10
15505,10
15506,1
15507,2
15508,9
15509,10
15510,10
15511,5
15512,8
15513,6
15514,9
15515,10
15516,6
15517,9
15518,10
15519,1
15520,10
15521,10
15522,10
15523,6
15524,0
15525,10
15526,10
15527,0
15528,10
15529,10
15530,10
15531,9
15532,0
15533,6
15534,2
15535,10
15536,6
15537,10
15538,2
15539,10
15540,9
15541,8
15542,10
15543,10
15544,10
15545,10
15546,6
15547,6
15548,10
15549,5
15550,10
15551,10
15552,10
15553,10
15554,10
15555,6
15556,10
15557,10
15558,8
15559,10
15560,10
15561,10
15562,6
15563,0
15564,9
15565,7
15566,1
15567,10
15568,10
15569,0
15570,9
15571,10
15572,10
15573,9
15574,10
15575,8
15576,6
15577,10
15578,10
15579,10
15580,1
15581,7
15582,1
15583,5
15584,8
15585,0
15586,2
15587,10
15588,3
15589,5
15590,10
15591,10
15592,0
15593,10
15594,10
15595,10
15596,10
15597,10
15598,2
15599,10
15600,6
15601,7
15602,1
15603,8
15604,10
15605,9
15606,10
15607,10
15608,4
15609,10
15610,10
15611,10
15612,8
15613,2
15614,10
15615,6
15616,10
15617,6
15618,10
15619,1
15620,10
15621,10
15622,9
15623,10
15624,10
15625,10
15626,1
15627,6
15628,10
15629,10
15630,10
15631,10
15632,6
15633,10
15634,2
15635,5
15636,10
15637,5
15638,7
15639,10
15640,10
15641,9
15642,10
15643,10
15644,8
15645,10
15646,5
15647,10
15648,10
15649,6
15650,10
15651,10
15652,10
15653,10
15654,10
15655,0
15656,10
15657,10
15658,9
15659,8
15660,6
15661,10
15662,8
15663,6
15664,10
15665,9
15666,10
15667,2
15668,9
15669,9
15670,6
15671,9
15672,10
15673,2
15674,6
15675,10
15676,10
15677,5
15678,3
15679,6
15680,6
15681,10
15682,6
15683,10
15684,10
15685,6
15686,10
15687,1
15688,5
15689,10
15690,10
15691,4
15692,10
15693,0
15694,5
15695,10
15696,0
15697,0
15698,10
15699,10
15700,6
15701,1
15702,3
15703,10
15704,10
15705,3
15706,10
15707,6
15708,4
15709,2
15710,8
15711,5
15712,10
15713,10
15714,7
15715,10
15716,10
15717,10
15718,8
15719,6
15720,10
15721,10
15722,10
15723,10
15724,6
15725,10
15726,2
15727,9
15728,10
15729,10
15730,10
15731,2
15732,3
15733,10
15734,2
15735,3
15736,10
15737,5
15738,5
15739,8
15740,2
15741,6
15742,6
15743,4
15744,10
15745,2
15746,10
15747,10
15748,10
15749,10
15750,7
15751,10
15752,6
15753,0
15754,9
15755,7
15756,10
15757,10
15758,2
15759,10
15760,2
15761,5
15762,6
15763,6
15764,6
15765,6
15766,10
15767,2
15768,6
15769,8
15770,9
15771,9
15772,10
15773,6
15774,10
15775,8
15776,10
15777,10
15778,10
15779,0
15780,8
15781,10
15782,2
15783,5
15784,10
15785,7
15786,10
15787,10
15788,10
15789,6
15790,10
15791,6
15792,2
15793,10
15794,10
15795,6
15796,0
15797,10
15798,4
15799,2
15800,6
15801,6
15802,9
15803,4
15804,9
15805,8
15806,10
15807,10
15808,10
15809,10
15810,3
15811,6
15812,10
15813,6
15814,7
15815,10
15816,10
15817,10
15818,10
15819,5
15820,10
15821,10
15822,10
15823,10
15824,0
15825,6
15826,0
15827,8
15828,6
15829,9
15830,10
15831,1
15832,6
15833,10
15834,10
15835,2
15836,10
15837,10
15838,10
15839,6
15840,1
15841,8
15842,9
15843,10
15844,8
15845,8
15846,10
15847,10
15848,0
15849,2
15850,10
15851,10
15852,0
15853,10
15854,10
15855,9
15856,10
15857,10
15858,8
15859,10
15860,10
15861,10
15862,10
15863,10
15864,0
15865,9
15866,10
15867,10
15868,1
15869,9
15870,5
15871,9
15872,4
15873,2
15874,10
15875,10
15876,10
15877,10
15878,5
15879,10
15880,10
15881,6
15882,1
15883,10
15884,6
15885,1
15886,10
15887,7
15888,10
15889,10
15890,0
15891,10
15892,10
15893,5
15894,10
15895,6
15896,4
15897,9
15898,6
15899,10
15900,10
15901,2
15902,5
15903,0
15904,8
15905,10
15906,10
15907,6
15908,10
15909,2
15910,7
15911,8
15912,10
15913,6
15914,4
15915,10
15916,6
15917,10
15918,9
15919,10
15920,6
15921,10
15922,6
15923,10
15924,10
15925,10
15926,6
15927,10
15928,10
15929,9
15930,10
15931,10
15932,6
15933,10
15934,10
15935,10
15936,3
15937,10
15938,9
15939,10
15940,10
15941,9
15942,6
15943,1
15944,7
15945,0
15946,5
15947,10
15948,6
15949,10
15950,10
15951,10
15952,1
15953,6
15954,10
15955,10
15956,0
15957,10
15958,9
15959,10
15960,8
15961,3
15962,2
15963,9
15964,7
15965,10
15966,10
15967,6
15968,2
15969,9
15970,10
15971,10
15972,10
15973,0
15974,10
15975,1
15976,8
15977,10
15978,8
15979,6
15980,10
15981,9
15982,10
15983,5
15984,9
15985,9
15986,4
15987,3
15988,10
15989,10
15990,5
15991,8
15992,2
15993,2
15994,10
15995,5
15996,9
15997,8
15998,10
15999,3
16000,1
16001,10
16002,10
16003,10
16004,10
16005,4
16006,2
16007,1
16008,7
16009,1
16010,10
16011,5
16012,6
16013,10
16014,9
16015,9
16016,6
16017,5
16018,9
16019,10
16020,7
16021,6
16022,10
16023,10
16024,10
16025,8
16026,10
16027,8
16028,10
16029,1
16030,6
16031,10
16032,9
16033,10
16034,0
16035,10
16036,10
16037,8
16038,10
16039,10
16040,6
16041,10
16042,8
16043,6
16044,9
16045,10
16046,0
16047,1
16048,8
16049,9
16050,10
16051,8
16052,10
16053,10
16054,10
16055,1
16056,10
16057,10
16058,7
16059,6
16060,8
16061,8
16062,10
16063,10
16064,10
16065,10
16066,5
16067,6
16068,8
16069,2
16070,10
16071,7
16072,0
16073,10
16074,8
16075,3
16076,10
16077,5
16078,5
16079,10
16080,7
16081,9
16082,5
16083,10
16084,10
16085,2
16086,7
16087,3
16088,6
16089,6
16090,10
16091,10
16092,10
16093,10
16094,10
16095,10
16096,10
16097,10
16098,10
16099,5
16100,10
16101,10
16102,10
16103,10
16104,2
16105,10
16106,10
16107,8
16108,9
16109,9
16110,5
16111,9
16112,6
16113,8
16114,10
16115,5
16116,10
16117,6
16118,10
16119,0
16120,6
16121,10
16122,10
16123,9
16124,10
16125,9
16126,10
16127,10
16128,10
16129,10
16130,7
16131,8
16132,9
16133,10
16134,10
16135,10
16136,8
16137,6
16138,10
16139,6
16140,5
16141,6
16142,8
16143,10
16144,10
16145,8
16146,9
16147,8
16148,0
16149,5
16150,5
16151,10
16152,3
16153,10
16154,0
16155,10
16156,10
16157,8
16158,9
16159,10
16160,10
16161,10
16162,4
16163,10
16164,6
16165,10
16166,10
16167,10
16168,8
16169,2
16170,10
16171,10
16172,10
16173,10
16174,10
16175,9
16176,10
16177,10
16178,10
16179,6
16180,10
16181,0
16182,6
16183,5
16184,4
16185,10
16186,1
16187,6
16188,10
16189,6
16190,10
16191,10
16192,5
16193,0
16194,6
16195,2
16196,10
16197,10
16198,8
16199,6
16200,10
16201,10
16202,10
16203,3
16204,7
16205,7
16206,10
16207,10
16208,0
16209,5
16210,6
16211,0
16212,10
16213,10
16214,6
16215,6
16216,7
16217,10
16218,10
16219,10
16220,10
16221,8
16222,2
16223,10
16224,10
16225,10
16226,6
16227,0
16228,1
16229,10
16230,8
16231,10
16232,8
16233,10
16234,10
16235,6
16236,5
16237,9
16238,1
16239,0
16240,9
16241,10
16242,7
16243,10
16244,5
16245,6
16246,9
16247,10
16248,2
16249,10
16250,5
16251,0
16252,5
16253,6
16254,10
16255,10
16256,6
16257,10
16258,10
16259,6
16260,10
16261,2
16262,10
16263,10
16264,6
16265,5
16266,0
16267,1
16268,6
16269,7
16270,6
16271,10
16272,6
16273,3
16274,10
16275,10
16276,10
16277,10
16278,6
16279,10
16280,9
16281,10
16282,1
16283,10
16284,2
16285,6
16286,9
16287,1
16288,1
16289,5
16290,5
16291,5
16292,6
16293,10
16294,9
16295,2
16296,9
16297,9
16298,10
16299,0
16300,5
16301,10
16302,8
16303,7
16304,10
16305,10
16306,8
16307,6
16308,5
16309,9
16310,0
16311,10
16312,7
16313,2
16314,8
16315,8
16316,8
16317,10
16318,10
16319,3
16320,0
16321,2
16322,10
16323,10
16324,10
16325,10
16326,8
16327,7
16328,10
16329,8
16330,5
16331,6
16332,6
16333,6
16334,6
16335,10
16336,10
16337,6
16338,1
16339,8
16340,8
16341,10
16342,5
16343,10
16344,10
16345,10
16346,10
16347,8
16348,6
16349,10
16350,6
16351,6
16352,2
16353,9
16354,2
16355,10
16356,5
16357,10
16358,0
16359,6
16360,9
16361,10
16362,10
16363,6
16364,1
16365,10
16366,10
16367,10
16368,8
16369,10
16370,8
16371,2
16372,8
16373,2
16374,10
16375,6
16376,8
16377,2
16378,10
16379,10
16380,6
16381,10
16382,6
16383,9
16384,10
16385,10
16386,10
16387,6
16388,6
16389,6
16390,10
16391,10
16392,10
16393,4
16394,9
16395,3
16396,10
16397,10
16398,10
16399,6
16400,10
16401,0
16402,9
16403,0
16404,10
16405,6
16406,10
16407,9
16408,9
16409,5
16410,4
16411,10
16412,10
16413,0
16414,7
16415,10
16416,10
16417,10
16418,10
16419,1
16420,10
16421,9
16422,5
16423,8
16424,10
16425,10
16426,5
16427,10
16428,10
16429,10
16430,10
16431,8
16432,10
16433,10
16434,6
16435,10
16436,1
16437,2
16438,3
16439,9
16440,10
16441,2
16442,2
16443,6
16444,1
16445,5
16446,10
16447,7
16448,10
16449,10
16450,10
16451,5
16452,10
16453,10
16454,10
16455,10
16456,10
16457,10
16458,10
16459,9
16460,3
16461,10
16462,10
16463,6
16464,0
16465,10
16466,1
16467,10
16468,10
16469,9
16470,9
16471,6
16472,1
16473,0
16474,10
16475,10
16476,10
16477,6
16478,5
16479,6
16480,8
16481,8
16482,2
16483,0
16484,8
16485,3
16486,6
16487,10
16488,9
16489,1
16490,10
16491,2
16492,10
16493,10
16494,2
16495,10
16496,9
16497,8
16498,2
16499,10
16500,10
16501,10
16502,9
16503,4
16504,10
16505,10
16506,5
16507,10
16508,1
16509,8
16510,10
16511,10
16512,10
16513,0
16514,2
16515,6
16516,10
16517,5
16518,2
16519,10
16520,10
16521,6
16522,10
16523,10
16524,10
16525,9
16526,1
16527,10
16528,8
16529,5
16530,6
16531,3
16532,9
16533,10
16534,10
16535,1
16536,9
16537,6
16538,10
16539,10
16540,8
16541,6
16542,9
16543,10
16544,6
16545,10
16546,2
16547,10
16548,8
16549,10
16550,6
16551,10
16552,6
16553,10
16554,6
16555,10
16556,10
16557,6
16558,10
16559,1
16560,9
16561,10
16562,0
16563,10
16564,6
16565,10
16566,10
16567,10
16568,10
16569,10
16570,10
16571,7
16572,6
16573,3
16574,6
16575,10
16576,10
16577,9
16578,5
16579,9
16580,0
16581,10
16582,10
16583,0
16584,0
16585,8
16586,10
16587,3
16588,4
16589,8
16590,7
16591,10
16592,10
16593,10
16594,7
16595,10
16596,10
16597,2
16598,10
16599,8
16600,5
16601,2
16602,1
16603,9
16604,9
16605,10
16606,4
16607,10
16608,6
16609,10
16610,7
16611,10
16612,10
16613,10
16614,6
16615,10
16616,8
16617,2
16618,5
16619,5
16620,8
16621,2
16622,10
16623,5
16624,10
16625,9
16626,8
16627,1
16628,8
16629,10
16630,10
16631,10
16632,0
16633,6
16634,10
16635,10
16636,6
16637,8
16638,9
16639,10
16640,8
16641,2
16642,8
16643,10
16644,10
16645,9
16646,8
16647,8
16648,10
16649,10
16650,8
16651,7
16652,10
16653,1
16654,10
16655,10
16656,10
16657,6
16658,10
16659,9
16660,3
16661,0
16662,1
16663,8
16664,10
16665,10
16666,0
16667,10
16668,10
16669,7
16670,7
16671,10
16672,10
16673,8
16674,10
16675,10
16676,1
16677,10
16678,8
16679,1
16680,10
16681,8
16682,7
16683,3
16684,6
16685,3
16686,6
16687,10
16688,8
16689,10
16690,5
16691,6
16692,10
16693,10
16694,10
16695,10
16696,0
16697,3
16698,10
16699,2
16700,10
16701,0
16702,0
16703,8
16704,7
16705,10
16706,10
16707,0
16708,0
16709,10
16710,6
16711,10
16712,10
16713,10
16714,10
16715,10
16716,3
16717,5
16718,8
16719,6
16720,8
16721,10
16722,10
16723,5
16724,10
16725,0
16726,7
16727,10
16728,2
16729,6
16730,10
16731,10
16732,7
16733,10
16734,10
16735,1
16736,10
16737,9
16738,10
16739,10
16740,6
16741,10
16742,6
16743,10
16744,10
16745,9
16746,10
16747,9
16748,6
16749,10
16750,7
16751,1
16752,7
16753,10
16754,0
16755,5
16756,2
16757,10
16758,10
16759,6
16760,2
16761,0
16762,10
16763,4
16764,10
16765,10
16766,10
16767,9
16768,6
16769,5
16770,1
16771,10
16772,8
16773,10
16774,6
16775,10
16776,10
16777,10
16778,6
16779,10
16780,10
16781,10
16782,10
16783,9
16784,6
16785,6
16786,10
16787,1
16788,10
16789,10
16790,1
16791,10
16792,10
16793,9
16794,10
16795,10
16796,10
16797,10
16798,10
16799,5
16800,10
16801,10
16802,8
16803,10
16804,6
16805,5
16806,2
16807,10
16808,8
16809,10
16810,10
16811,5
16812,10
16813,10
16814,10
16815,1
16816,10
16817,1
16818,9
16819,10
16820,6
16821,8
16822,10
16823,7
16824,2
16825,0
16826,8
16827,10
16828,10
16829,10
16830,6
16831,10
16832,10
16833,10
16834,9
16835,10
16836,6
16837,10
16838,10
16839,0
16840,3
16841,10
16842,6
16843,10
16844,7
16845,10
16846,6
16847,10
16848,10
16849,8
16850,10
16851,10
16852,2
16853,10
16854,0
16855,5
16856,10
16857,2
16858,5
16859,10
16860,10
16861,10
16862,10
16863,5
16864,10
16865,8
16866,10
16867,10
16868,10
16869,10
16870,5
16871,10
16872,2
16873,2
16874,10
16875,8
16876,9
16877,10
16878,6
16879,8
16880,10
16881,10
16882,6
16883,3
16884,10
16885,10
16886,1
16887,10
16888,5
16889,6
16890,10
16891,8
16892,4
16893,10
16894,10
16895,10
16896,10
16897,10
16898,8
16899,8
16900,10
16901,9
16902,9
16903,6
16904,6
16905,6
16906,6
16907,8
16908,10
16909,10
16910,2
16911,5
16912,9
16913,8
16914,3
16915,6
16916,10
16917,7
16918,9
16919,5
16920,0
16921,3
16922,10
16923,6
16924,4
16925,0
16926,1
16927,5
16928,1
16929,10
16930,5
16931,10
16932,6
16933,10
16934,10
16935,10
16936,4
16937,10
16938,10
16939,10
16940,6
16941,10
16942,8
16943,0
16944,6
16945,10
16946,7
16947,10
16948,10
16949,9
16950,10
16951,10
16952,8
16953,2
16954,10
16955,7
16956,3
16957,10
16958,10
16959,8
16960,8
16961,10
16962,10
16963,10
16964,10
16965,1
16966,8
16967,8
16968,10
16969,0
16970,10
16971,5
16972,6
16973,10
16974,9
16975,6
16976,5
16977,10
16978,10
16979,0
16980,10
16981,9
16982,10
16983,1
16984,10
16985,7
16986,10
16987,7
16988,6
16989,8
16990,9
16991,10
16992,10
16993,9
16994,10
16995,10
16996,9
16997,7
16998,10
16999,6
17000,8
17001,10
17002,6
17003,10
17004,10
17005,10
17006,10
17007,5
17008,10
17009,10
17010,10
17011,10
17012,10
17013,8
17014,8
17015,2
17016,9
17017,10
17018,10
17019,9
17020,10
17021,10
17022,10
17023,2
17024,0
17025,10
17026,10
17027,6
17028,6
17029,8
17030,8
17031,6
17032,10
17033,10
17034,3
17035,8
17036,10
17037,10
17038,10
17039,5
17040,6
17041,7
17042,10
17043,10
17044,9
17045,10
17046,6
17047,9
17048,5
17049,10
17050,0
17051,0
17052,7
17053,10
17054,10
17055,8
17056,10
17057,10
17058,1
17059,1
17060,6
17061,10
17062,9
17063,9
17064,10
17065,6
17066,5
17067,10
17068,0
17069,4
17070,2
17071,10
17072,6
17073,8
17074,10
17075,3
17076,6
17077,10
17078,9
17079,10
17080,10
17081,6
17082,10
17083,0
17084,3
17085,6
17086,0
17087,10
17088,10
17089,10
17090,0
17091,1
17092,10
17093,8
17094,1
17095,10
17096,0
17097,10
17098,10
17099,10
17100,10
17101,10
17102,10
17103,10
17104,0
17105,3
17106,10
17107,0
17108,10
17109,10
17110,1
17111,10
17112,10
17113,10
17114,8
17115,6
17116,0
17117,8
17118,10
17119,2
17120,10
17121,10
17122,10
17123,10
17124,1
17125,3
17126,7
17127,10
17128,0
17129,10
17130,2
17131,9
17132,7
17133,10
17134,10
17135,5
17136,5
17137,5
17138,10
17139,5
17140,10
17141,10
17142,10
17143,10
17144,10
17145,10
17146,6
17147,6
17148,6
17149,10
17150,10
17151,6
17152,10
17153,10
17154,4
17155,7
17156,8
17157,10
17158,10
17159,10
17160,7
17161,10
17162,2
17163,6
17164,7
17165,10
17166,10
17167,10
17168,0
17169,1
17170,6
17171,0
17172,8
17173,10
17174,10
17175,10
17176,10
17177,1
17178,1
17179,5
17180,2
17181,10
17182,8
17183,10
17184,2
17185,9
17186,8
17187,5
17188,0
17189,10
17190,10
17191,10
17192,2
17193,5
17194,10
17195,6
17196,8
17197,10
17198,10
17199,4
17200,10
17201,6
17202,10
17203,6
17204,10
17205,10
17206,8
17207,10
17208,1
17209,8
17210,10
17211,9
17212,6
17213,0
17214,9
17215,10
17216,10
17217,10
17218,2
17219,0
17220,10
17221,10
17222,10
17223,10
17224,6
17225,10
17226,10
17227,10
17228,4
17229,9
17230,10
17231,1
17232,6
17233,10
17234,8
17235,2
17236,10
17237,10
17238,0
17239,10
17240,3
17241,10
17242,10
17243,9
17244,10
17245,10
17246,10
17247,6
17248,9
17249,6
17250,6
17251,9
17252,10
17253,1
17254,6
17255,10
17256,2
17257,10
17258,2
17259,10
17260,8
17261,10
17262,8
17263,8
17264,10
17265,10
17266,10
17267,8
17268,8
17269,10
17270,10
17271,10
17272,10
17273,10
17274,2
17275,10
17276,10
17277,0
17278,10
17279,2
17280,10
17281,10
17282,0
17283,7
17284,3
17285,5
17286,10
17287,10
17288,10
17289,10
17290,10
17291,10
17292,8
17293,5
17294,6
17295,10
17296,2
17297,10
17298,9
17299,5
17300,10
17301,0
17302,10
17303,0
17304,6
17305,1
17306,10
17307,3
17308,9
17309,6
17310,10
17311,6
17312,9
17313,10
17314,2
17315,5
17316,8
17317,10
17318,7
17319,10
17320,10
17321,10
17322,10
17323,2
17324,6
17325,3
17326,3
17327,1
17328,10
17329,9
17330,10
17331,8
17332,5
17333,10
17334,6
17335,2
17336,10
17337,0
17338,6
17339,10
17340,10
17341,2
17342,6
17343,10
17344,10
17345,10
17346,6
17347,2
17348,1
17349,9
17350,10
17351,6
17352,10
17353,9
17354,10
17355,5
17356,6
17357,10
17358,10
17359,9
17360,10
17361,10
17362,10
17363,9
17364,5
17365,10
17366,10
17367,8
17368,2
17369,6
17370,4
17371,9
17372,8
17373,10
17374,2
17375,10
17376,10
17377,10
17378,6
17379,10
17380,10
17381,5
17382,0
17383,10
17384,5
17385,1
17386,10
17387,9
17388,10
17389,10
17390,10
17391,10
17392,10
17393,10
17394,8
17395,10
17396,8
17397,1
17398,5
17399,10
17400,10
17401,10
17402,7
17403,10
17404,10
17405,10
17406,10
17407,10
17408,10
17409,9
17410,10
17411,5
17412,10
17413,9
17414,10
17415,3
17416,10
17417,0
17418,9
17419,10
17420,10
17421,6
17422,10
17423,10
17424,8
17425,6
17426,10
17427,6
17428,10
17429,6
17430,10
17431,7
17432,10
17433,10
17434,6
17435,6
17436,2
17437,9
17438,6
17439,0
17440,0
17441,10
17442,10
17443,10
17444,10
17445,10
17446,8
17447,10
17448,10
17449,10
17450,10
17451,10
17452,6
17453,10
17454,7
17455,0
17456,10
17457,7
17458,6
17459,6
17460,8
17461,6
17462,10
17463,1
17464,6
17465,8
17466,10
17467,10
17468,10
17469,10
17470,6
17471,10
17472,10
17473,5
17474,2
17475,2
17476,0
17477,10
17478,10
17479,5
17480,10
17481,6
17482,10
17483,8
17484,7
17485,0
17486,6
17487,10
17488,0
17489,10
17490,10
17491,3
17492,10
17493,10
17494,8
17495,10
17496,6
17497,0
17498,9
17499,10
17500,10
17501,6
17502,10
17503,5
17504,10
17505,10
17506,5
17507,8
17508,10
17509,5
17510,9
17511,6
17512,6
17513,10
17514,10
17515,8
17516,6
17517,8
17518,10
17519,10
17520,4
17521,10
17522,0
17523,10
17524,10
17525,10
17526,10
17527,10
17528,10
17529,10
17530,5
17531,10
17532,10
17533,9
17534,10
17535,10
17536,10
17537,6
17538,8
17539,10
17540,10
17541,6
17542,6
17543,2
17544,10
17545,10
17546,8
17547,10
17548,4
17549,10
17550,10
17551,10
17552,0
17553,10
17554,2
17555,10
17556,6
17557,10
17558,10
17559,2
17560,2
17561,6
17562,5
17563,9
17564,4
17565,10
17566,10
17567,10
17568,0
17569,10
17570,6
17571,10
17572,10
17573,6
17574,9
17575,10
17576,10
17577,8
17578,7
17579,10
17580,10
17581,0
17582,8
17583,10
17584,6
17585,6
17586,10
17587,10
17588,10
17589,0
17590,6
17591,10
17592,10
17593,2
17594,9
17595,10
17596,10
17597,8
17598,10
17599,9
17600,7
17601,2
17602,1
17603,4
17604,8
17605,10
17606,6
17607,10
17608,8
17609,8
17610,6
17611,10
17612,1
17613,7
17614,10
17615,10
17616,10
17617,5
17618,10
17619,10
17620,8
17621,9
17622,10
17623,8
17624,0
17625,10
17626,10
17627,0
17628,5
17629,0
17630,1
17631,10
17632,10
17633,10
17634,10
17635,2
17636,2
17637,4
17638,10
17639,10
17640,10
17641,6
17642,6
17643,5
17644,0
17645,9
17646,10
17647,6
17648,10
17649,10
17650,6
17651,10
17652,2
17653,10
17654,10
17655,10
17656,8
17657,8
17658,9
17659,10
17660,9
17661,10
17662,5
17663,10
17664,10
17665,8
17666,10
17667,10
17668,6
17669,0
17670,10
17671,10
17672,4
17673,0
17674,8
17675,10
17676,10
17677,8
17678,10
17679,10
17680,1
17681,9
17682,10
17683,5
17684,1
17685,10
17686,10
17687,0
17688,1
17689,10
17690,7
17691,10
17692,10
17693,10
17694,0
17695,10
17696,6
17697,1
17698,10
17699,10
17700,10
17701,5
17702,8
17703,10
17704,1
17705,10
17706,5
17707,10
17708,10
17709,2
17710,10
17711,0
17712,10
17713,10
17714,7
17715,10
17716,2
17717,6
17718,10
17719,10
17720,6
17721,6
17722,10
17723,1
17724,9
17725,10
17726,8
17727,10
17728,7
17729,9
17730,8
17731,8
17732,10
17733,0
17734,6
17735,8
17736,6
17737,10
17738,10
17739,10
17740,10
17741,10
17742,0
17743,9
17744,8
17745,0
17746,9
17747,9
17748,10
17749,10
17750,2
17751,2
17752,1
17753,6
17754,10
17755,2
17756,2
17757,8
17758,5
17759,8
17760,6
17761,10
17762,10
17763,10
17764,10
17765,10
17766,10
17767,8
17768,6
17769,10
17770,6
17771,7
17772,10
17773,10
17774,9
17775,2
17776,6
17777,10
17778,0
17779,10
17780,10
17781,10
17782,10
17783,10
17784,10
17785,10
17786,5
17787,1
17788,10
17789,6
17790,8
17791,5
17792,7
17793,10
17794,10
17795,10
17796,6
17797,2
17798,10
17799,10
17800,8
17801,6
17802,10
17803,10
17804,10
17805,2
17806,10
17807,10
17808,10
17809,10
17810,10
17811,2
17812,5
17813,8
17814,6
17815,5
17816,0
17817,6
17818,10
17819,9
17820,1
17821,5
17822,10
17823,5
17824,8
17825,10
17826,0
17827,10
17828,10
17829,6
17830,10
17831,10
17832,10
17833,10
17834,7
17835,10
17836,10
17837,5
17838,8
17839,8
17840,4
17841,2
17842,10
17843,10
17844,10
17845,6
17846,10
17847,8
17848,10
17849,10
17850,10
17851,8
17852,10
17853,1
17854,10
17855,10
17856,10
17857,0
17858,10
17859,10
17860,9
17861,10
17862,10
17863,6
17864,10
17865,10
17866,10
17867,6
17868,8
17869,10
17870,1
17871,10
17872,6
17873,10
17874,0
17875,10
17876,7
17877,0
17878,10
17879,10
17880,6
17881,10
17882,1
17883,6
17884,5
17885,2
17886,9
17887,6
17888,3
17889,10
17890,10
17891,10
17892,8
17893,0
17894,10
17895,10
17896,5
17897,8
17898,2
17899,10
17900,10
17901,9
17902,6
17903,10
17904,1
17905,10
17906,0
17907,6
17908,4
17909,10
17910,10
17911,10
17912,6
17913,1
17914,9
17915,10
17916,8
17917,10
17918,10
17919,10
17920,1
17921,8
17922,6
17923,9
17924,10
17925,9
17926,10
17927,10
17928,9
17929,6
17930,5
17931,10
17932,10
17933,10
17934,10
17935,9
17936,10
17937,9
17938,10
17939,10
17940,6
17941,10
17942,10
17943,3
17944,10
17945,10
17946,10
17947,0
17948,8
17949,6
17950,10
17951,6
17952,8
17953,9
17954,6
17955,6
17956,10
17957,4
17958,10
17959,2
17960,7
17961,6
17962,9
17963,5
17964,0
17965,10
17966,10
17967,2
17968,6
17969,10
17970,10
17971,10
17972,6
17973,10
17974,9
17975,10
17976,10
17977,10
17978,10
17979,10
17980,10
17981,10
17982,1
17983,8
17984,10
17985,3
17986,10
17987,10
17988,8
17989,10
17990,10
17991,1
17992,10
17993,10
17994,1
17995,2
17996,10
